InvoiceNo,Date,CustomerName,Phone,GSTIN,State,ItemCode,ItemName,BatchNo,LandingCost,Quantity,Rate,DiscountPercent,GSTPercent,PayMode,Narration
LSL-0339,22-08-2026,ABHILASH,,,KERALA,LW 5LTR,FIXIT,451.73,451.73,1,390.68,0,18,Credit,
LSL-0340,22-08-2026,ADARSH A,,,KERALA,303 200 GM,ACC LB,52.54,52.54,9,55.08,0,18,Credit,
LSL-0341,22-08-2026,JOMON,,,KERALA,303 500 GM,ACC LB,109.32,109.32,7,114.41,0,18,Credit,
LSL-0342,22-08-2026,MUHAMMED SAJJAD,,,KERALA,FLYASH,"BLOCK 4""",50,50,7,52.24,0,12,Credit,
LSL-0343,24-08-2026,MURALI,,,KERALA,LW 5LTR,FIXIT,451.73,451.73,1,398.31,0,18,Credit,
LSL-0344,24-08-2026,NASAR C,,,KERALA,LW 5LTR,FIXIT,396.13,396.13,1,415.25,0,18,Credit,
LSL-0345,24-08-2026,NASEEMA,,,KERALA,ROOFSEAL 1LTR,FIXIT,265.15,265.15,2,275.42,0,18,Credit,
LSL-0345,24-08-2026,NASEEMA,,,KERALA,URP 500GM,FIXIT,115.99,115.99,1,120.34,0,18,Credit,
LSL-0346,24-08-2026,PRASANTH,,,KERALA,RAMCO,ECO PLASTER 25KG,131.36,131.36,3,141.53,0,18,Credit,
LSL-0347,24-08-2026,RAMSHAD SREEKANDAPURAM,,,KERALA,ACC,CEMENT,275.42,275.42,7,284.75,0,18,Credit,
LSL-0347,24-08-2026,RAMSHAD SREEKANDAPURAM,,,KERALA,LW 10LTR,FIXIT,705.72,705.72,1,720.34,0,18,Credit,
LSL-0347,24-08-2026,RAMSHAD SREEKANDAPURAM,,,KERALA,LW 5LTR,FIXIT,451.73,451.73,1,390.68,0,18,Credit,
LSL-0348,24-08-2026,ROHITH,,,KERALA,FLYASH,"BLOCK 4""",50,50,16,53,0,12,Credit,
LSL-0349,27-08-2026,SADANANDAN,,,KERALA,HS-CEMENT MIX PLUS- 05L,CEMENT MIX,400.48,400.48,2,419.49,0,18,Credit,
LSL-0350,27-08-2026,SAHADEVAN,,,KERALA,LATEX PLUS 1K,CEMENT MIX,212.3,212.3,2,228.81,0,18,Credit,
LSL-0351,27-08-2026,SAMAD,9961662305,,KERALA,RAMCO,SUPER PLASTER,169.49,169.49,3,174.58,0,18,Credit,
LSL-0352,27-08-2026,SHAHEED,,,KERALA,RAMCO,ECO PLASTER 25KG,131.36,131.36,4,141.53,0,18,Credit,
LSL-0353,28-08-2026,SOMAN,,,KERALA,RAMCO,SUPER PLASTER,135.59,135.59,4,144.07,0,18,Credit,
LSL-0353,28-08-2026,SOMAN,,,KERALA,AAC,BLOCK,76.79,76.79,1,79.46,0,12,Credit,
LSL-0354,28-08-2026,JAYARAM,,,KERALA,RAMCO,ECO PLASTER 25KG,131.36,131.36,4,141.53,0,18,Credit,
LSL-0355,29-08-2026,MOOSA MOULAVI,,,KERALA,RAMCO,SUPER PLASTER,169.49,169.49,4,174.58,0,18,Credit,
LSL-0356,29-08-2026,MIRSHAD,,,KERALA,FLYASH,"BLOCK 5""",63.39,63.39,5,66.07,0,12,Credit,
LSL-0357,29-08-2026,SAIDUL,,,KERALA,HS-CEMENT MIX PLUS- 10L,CEMENT MIX,723.75,723.75,1,745.76,0,18,Credit,
LSL-0358,29-08-2026,SHARAFUDHEEN,,,KERALA,RAMCO,SUPER PLASTER,135.59,135.59,4,144.07,0,18,Credit,
LSL-0359,31-08-2026,SREELESH,,,KERALA,RAMCO,CEMENT,262.71,262.71,2,272.03,0,18,Credit,
LSL-0359,31-08-2026,SREELESH,,,KERALA,FLYASH,"BLOCK 4""",50,50,1,52.23,0,12,Credit,
LSL-0360,12-09-2026,Cash Sales,,,KERALA,RAMCO,CEMENT,262.71,262.71,22,272.03,0,18,Cash,
LSL-0361,12-09-2026,Cash Sales,,,KERALA,ISI,TMT STEELS,54.24,54.24,748,55.51,0,18,Cash,KL59AB3585
LSL-0362,12-09-2026,Cash Sales,,,KERALA,ISI,TMT STEELS,54.24,54.24,435,55.51,0,18,Cash,KL59AB3585
LSL-0363,18-09-2026,Cash Sales,,,KERALA,ACC,CEMENT,271.19,271.19,25,281.36,0,18,Cash,KL59W5127
LSL-0364,21-09-2026,Cash Sales,,,KERALA,ISI,TMT STEELS,54.24,54.24,498,55.51,0,18,Cash,
LSL-0365,22-09-2026,Cash Sales,,,KERALA,ISI,TMT STEELS,54.24,54.24,295,55.51,0,18,Cash,
LSL-0365,22-09-2026,Cash Sales,,,KERALA,ACC,CEMENT,271.19,271.19,10,281.36,0,18,Cash,
LSL-0366,10-09-2026,Cash Sales,,,KERALA,ACC,CEMENT,279.66,279.66,15,288.14,0,18,Cash,
